id;producto;categoria;link;imagen
240905_025;Juego de café de porcelana;Vajilla-Menaje;https://www.logrolimpio.com/catalogo/juego-de-cafe-de-porcelana-240905_025/;https://www.logrolimpio.com/wp-content/uploads/classified-listing/2024/09/240905_025-612x384.jpg
240905_024;Cafetera;Pequeños electrodomésticos;https://www.logrolimpio.com/catalogo/cafetera-240905_024/;https://www.logrolimpio.com/wp-content/uploads/classified-listing/2024/09/240905_024-612x384.jpg
240905_023;Televisor 19″;Equipos fotografía/audio/vídeo;https://www.logrolimpio.com/catalogo/televisor-19-240905_023/;https://www.logrolimpio.com/wp-content/uploads/classified-listing/2024/09/240905_023-612x384.jpg
240905_022;Trona;Accesorios bebés;https://www.logrolimpio.com/catalogo/trona-240905_022/;https://www.logrolimpio.com/wp-content/uploads/classified-listing/2024/09/240905_022-612x384.jpg
240905_021;Patines talla 32-33;Material deportivo;https://www.logrolimpio.com/catalogo/patines-talla-32-33-240905_021/;https://www.logrolimpio.com/wp-content/uploads/classified-listing/2024/09/240905_021-612x384.jpg
240905_020;Lote de cuadros;Elementos de decoración;https://www.logrolimpio.com/catalogo/lote-de-cuadros-240905_020/;https://www.logrolimpio.com/wp-content/uploads/classified-listing/2024/09/240905_020-612x384.jpg
240905_019;Lote de espejos;Elementos de decoración;https://www.logrolimpio.com/catalogo/lote-de-espejos-240905_019/;https://www.logrolimpio.com/wp-content/uploads/classified-listing/2024/09/240905_019-612x384.jpg
240905_018;Cartera tejido neopreno;Mochilas, bolsos y maletas;https://www.logrolimpio.com/catalogo/cartera-tejido-neopreno-240905_018/;https://www.logrolimpio.com/wp-content/uploads/classified-listing/2024/09/240905_018-612x384.jpg
240905_016;Juego de pesca;Juguetes;https://www.logrolimpio.com/catalogo/juego-de-pesca-240905_016/;https://www.logrolimpio.com/wp-content/uploads/classified-listing/2024/09/240905_016-612x384.jpg
240905_015;Orinal;Accesorios bebés;https://www.logrolimpio.com/catalogo/orinal-240905_015/;https://www.logrolimpio.com/wp-content/uploads/classified-listing/2024/09/240905_015-612x384.jpg
240905_014;Frutero;Vajilla-Menaje;https://www.logrolimpio.com/catalogo/frutero-240905_014/;https://www.logrolimpio.com/wp-content/uploads/classified-listing/2024/09/240905_014-612x384.jpg
240905_013;Muñeco;Juguetes;https://www.logrolimpio.com/catalogo/muneco-240905_013/;https://www.logrolimpio.com/wp-content/uploads/classified-listing/2024/09/240905_013-612x384.jpg
240905_012;Acuario pequeño;Otros Hogar;https://www.logrolimpio.com/catalogo/acuario-pequeno-240905_012/;https://www.logrolimpio.com/wp-content/uploads/classified-listing/2024/09/240905_012-612x384.jpg
240905_011;Batidora de vaso;Pequeños electrodomésticos;https://www.logrolimpio.com/catalogo/batidora-de-vaso-240905_011/;https://www.logrolimpio.com/wp-content/uploads/classified-listing/2024/09/240905_011-612x384.jpg
240905_010;Estuche accesorios maquillaje;Otros Hogar;https://www.logrolimpio.com/catalogo/estuche-accesorios-maquillaje-240905_010/;https://www.logrolimpio.com/wp-content/uploads/classified-listing/2024/09/240905_010-612x384.jpg
240905_009;Bolsa;Mochilas, bolsos y maletas;https://www.logrolimpio.com/catalogo/bolsa-240905_009/;https://www.logrolimpio.com/wp-content/uploads/classified-listing/2024/09/240905_009-612x384.jpg
240905_008;Muñeco sujeta puertas;Otros Hogar;https://www.logrolimpio.com/catalogo/muneco-sujeta-puertas-240905_008/;https://www.logrolimpio.com/wp-content/uploads/classified-listing/2024/09/240905_008-612x384.jpg
240905_007;Monitor 17″;Informática;https://www.logrolimpio.com/catalogo/monitor-17-240905_007/;https://www.logrolimpio.com/wp-content/uploads/classified-listing/2024/09/240905_007-612x384.jpg
240905_006;Lote de cuchillos;Vajilla-Menaje;https://www.logrolimpio.com/catalogo/lote-de-cuchillos-240905_006/;https://www.logrolimpio.com/wp-content/uploads/classified-listing/2024/09/240905_006-612x384.jpg
240905_005;Pony;Juguetes;https://www.logrolimpio.com/catalogo/pony-240905_005/;https://www.logrolimpio.com/wp-content/uploads/classified-listing/2024/09/240905_005-612x384.jpg
240905_004;Protectores para enchufe;Otros Niños Bebés;https://www.logrolimpio.com/catalogo/protectores-para-enchufe-240905_004/;https://www.logrolimpio.com/wp-content/uploads/classified-listing/2024/09/240905_004-612x384.jpg
240905_003;Lote de cuadros;Elementos de decoración;https://www.logrolimpio.com/catalogo/lote-de-cuadros-240905_003/;https://www.logrolimpio.com/wp-content/uploads/classified-listing/2024/09/240905_003-612x384.jpg
240905_002;Botella de aluminio;Vajilla-Menaje;https://www.logrolimpio.com/catalogo/botella-de-aluminio-240905_002/;https://www.logrolimpio.com/wp-content/uploads/classified-listing/2024/09/240905_002-612x384.jpg
240905_001;Patines talla 28-30;Material deportivo;https://www.logrolimpio.com/catalogo/patines-talla-28-30-240905_001/;https://www.logrolimpio.com/wp-content/uploads/classified-listing/2024/09/240905_001-612x384.jpg
240904_006;Horma para zapatos;Otros Hogar;https://www.logrolimpio.com/catalogo/horma-para-zapatos-240904_006/;https://www.logrolimpio.com/wp-content/uploads/classified-listing/2024/09/240904_006-612x384.jpg
240904_005;Cuadro;Elementos de decoración;https://www.logrolimpio.com/catalogo/cuadro-240904_005/;https://www.logrolimpio.com/wp-content/uploads/classified-listing/2024/09/240904_005-612x384.jpg
240904_004;Lámpara UV manicura;Otros Hogar;https://www.logrolimpio.com/catalogo/lampara-uv-manicura-240904_004/;https://www.logrolimpio.com/wp-content/uploads/classified-listing/2024/09/240904_004-612x384.jpg
240903_073;Dispensador de caramelos;Otros Hogar;https://www.logrolimpio.com/catalogo/dispensador-de-caramelos-240903_073/;https://www.logrolimpio.com/wp-content/uploads/classified-listing/2024/09/240903_073-612x384.jpg
240903_072;Bolso pequeño;Mochilas, bolsos y maletas;https://www.logrolimpio.com/catalogo/bolso-pequeno-240903_072/;https://www.logrolimpio.com/wp-content/uploads/classified-listing/2024/09/240903_072-612x384.jpg
240903_071;Cuadro;Elementos de decoración;https://www.logrolimpio.com/catalogo/cuadro-240903_071/;https://www.logrolimpio.com/wp-content/uploads/classified-listing/2024/09/240903_071-612x384.jpg
240903_069;Lote de películas DVD variadas;Películas;https://www.logrolimpio.com/catalogo/lote-de-peliculas-dvd-variadas-240903_069/;https://www.logrolimpio.com/wp-content/uploads/classified-listing/2024/09/240903_069-612x384.jpg
240903_065;Juego de memoria;Juguetes;https://www.logrolimpio.com/catalogo/juego-de-memoria-240903_065/;https://www.logrolimpio.com/wp-content/uploads/classified-listing/2024/09/240903_065-612x384.jpg
240903_063;Farol para vela;Elementos de decoración;https://www.logrolimpio.com/catalogo/farol-para-vela-240903_063/;https://www.logrolimpio.com/wp-content/uploads/classified-listing/2024/09/240903_063-612x384.jpg
240903_061;Radiocasette;Equipos fotografía/audio/vídeo;https://www.logrolimpio.com/catalogo/radiocasette-240903_061/;https://www.logrolimpio.com/wp-content/uploads/classified-listing/2024/09/240903_061-612x384.jpg
240903_057;Silla alzador para coche;Accesorios bebés;https://www.logrolimpio.com/catalogo/silla-alzador-para-coche-240903_057/;https://www.logrolimpio.com/wp-content/uploads/classified-listing/2024/09/240903_057-612x384.jpg
240903_055;Barco de juguete;Juguetes;https://www.logrolimpio.com/catalogo/barco-de-juguete-240903_055/;https://www.logrolimpio.com/wp-content/uploads/classified-listing/2024/09/240903_055-612x384.jpg
240903_054;Lote de películas DVD variadas;Películas;https://www.logrolimpio.com/catalogo/lote-de-peliculas-dvd-variadas-240903_054/;https://www.logrolimpio.com/wp-content/uploads/classified-listing/2024/09/240903_054-612x384.jpg
240903_053;Lote de películas DVD variadas;Películas;https://www.logrolimpio.com/catalogo/lote-de-peliculas-dvd-variadas-240903_053/;https://www.logrolimpio.com/wp-content/uploads/classified-listing/2024/09/240903_053-612x384.jpg
240903_052;Vaso termo;Vajilla-Menaje;https://www.logrolimpio.com/catalogo/vaso-termo-240903_052/;https://www.logrolimpio.com/wp-content/uploads/classified-listing/2024/09/240903_052-612x384.jpg
240903_051;Cubos apilables;Juguetes;https://www.logrolimpio.com/catalogo/cubos-apilables-240903_051/;https://www.logrolimpio.com/wp-content/uploads/classified-listing/2024/09/240903_051-612x384.jpg
240903_050;Libro con sonido;Juguetes;https://www.logrolimpio.com/catalogo/libro-con-sonido-240903_050/;https://www.logrolimpio.com/wp-content/uploads/classified-listing/2024/09/240903_050-612x384.jpg
240903_049;Dominó y naipes;Juegos de mesa;https://www.logrolimpio.com/catalogo/domino-y-naipes-240903_049/;https://www.logrolimpio.com/wp-content/uploads/classified-listing/2024/09/240903_049-612x384.jpg
240903_045;Cuna portátil;Accesorios bebés;https://www.logrolimpio.com/catalogo/cuna-portatil-240903_045/;https://www.logrolimpio.com/wp-content/uploads/classified-listing/2024/09/240903_045-612x384.jpg
240903_042;Bolsa de viaje;Mochilas, bolsos y maletas;https://www.logrolimpio.com/catalogo/bolsa-de-viaje-240903_042/;https://www.logrolimpio.com/wp-content/uploads/classified-listing/2024/09/240903_042-612x384.jpg
240903_039;Teléfono inalámbrico;Otros Hogar;https://www.logrolimpio.com/catalogo/telefono-inalambrico-240903_039/;https://www.logrolimpio.com/wp-content/uploads/classified-listing/2024/09/240903_039-612x384.jpg
240903_037;Lote de juguetes;Juguetes;https://www.logrolimpio.com/catalogo/lote-de-juguetes-240903_037/;https://www.logrolimpio.com/wp-content/uploads/classified-listing/2024/09/240903_037-612x384.jpg
240903_035;Tenedores para aperitivo;Vajilla-Menaje;https://www.logrolimpio.com/catalogo/tenedores-para-aperitivo-240903_035/;https://www.logrolimpio.com/wp-content/uploads/classified-listing/2024/09/240903_035-612x384.jpg
240903_032;Libros de cocina;Libros, revistas y cómics;https://www.logrolimpio.com/catalogo/libros-de-cocina-240903_032/;https://www.logrolimpio.com/wp-content/uploads/classified-listing/2024/09/240903_032-612x384.jpg
240903_031;Cuadro infantil;Elementos de decoración;https://www.logrolimpio.com/catalogo/cuadro-infantil-240903_031/;https://www.logrolimpio.com/wp-content/uploads/classified-listing/2024/09/240903_031-612x384.jpg
240903_030;Lote de libros;Libros, revistas y cómics;https://www.logrolimpio.com/catalogo/lote-de-libros-240903_030/;https://www.logrolimpio.com/wp-content/uploads/classified-listing/2024/09/240903_030-612x384.jpg
240903_028;Música infantil;Música;https://www.logrolimpio.com/catalogo/musica-infantil-240903_028/;https://www.logrolimpio.com/wp-content/uploads/classified-listing/2024/09/240903_028-612x384.jpg
240903_027;Juego de maquillaje;Juguetes;https://www.logrolimpio.com/catalogo/juego-de-maquillaje-240903_027/;https://www.logrolimpio.com/wp-content/uploads/classified-listing/2024/09/240903_027-612x384.jpg
240903_026;Lote de libros;Libros, revistas y cómics;https://www.logrolimpio.com/catalogo/lote-de-libros-240903_026/;https://www.logrolimpio.com/wp-content/uploads/classified-listing/2024/09/240903_026-612x384.jpg
240903_025;Puzle de cubos;Puzzles;https://www.logrolimpio.com/catalogo/puzle-de-cubos-240903_025/;https://www.logrolimpio.com/wp-content/uploads/classified-listing/2024/09/240903_025-612x384.jpg
240903_024;Lote de libros;Libros, revistas y cómics;https://www.logrolimpio.com/catalogo/lote-de-libros-240903_024/;https://www.logrolimpio.com/wp-content/uploads/classified-listing/2024/09/240903_024-612x384.jpg
240903_023;Juego educativo;Juguetes;https://www.logrolimpio.com/catalogo/juego-educativo-240903_023/;https://www.logrolimpio.com/wp-content/uploads/classified-listing/2024/09/240903_023-612x384.jpg
240903_022;Lote de libros infantiles;Libros, revistas y cómics;https://www.logrolimpio.com/catalogo/lote-de-libros-infantiles-240903_022/;https://www.logrolimpio.com/wp-content/uploads/classified-listing/2024/09/240903_022-612x384.jpg
240903_021;Bolso Disney;Mochilas, bolsos y maletas;https://www.logrolimpio.com/catalogo/bolso-disney-240903_021/;https://www.logrolimpio.com/wp-content/uploads/classified-listing/2024/09/240903_021-612x384.jpg
240903_019;Lote de libros infantiles;Libros, revistas y cómics;https://www.logrolimpio.com/catalogo/lote-de-libros-infantiles-240903_019/;https://www.logrolimpio.com/wp-content/uploads/classified-listing/2024/09/240903_019-612x384.jpg
240903_017;Lote de libros;Libros, revistas y cómics;https://www.logrolimpio.com/catalogo/lote-de-libros-240903_017/;https://www.logrolimpio.com/wp-content/uploads/classified-listing/2024/09/240903_017-612x384.jpg
240903_016;Alfabeto magnético;Juguetes;https://www.logrolimpio.com/catalogo/alfabeto-magnetico-240903_016/;https://www.logrolimpio.com/wp-content/uploads/classified-listing/2024/09/240903_016-612x384.jpg
240903_014;Libro infantil de puzles;Puzzles;https://www.logrolimpio.com/catalogo/libro-infantil-de-puzles-240903_014/;https://www.logrolimpio.com/wp-content/uploads/classified-listing/2024/09/240903_014-612x384.jpg
240903_013;Juego de hockey;Juegos de mesa;https://www.logrolimpio.com/catalogo/juego-de-hockey-240903_013/;https://www.logrolimpio.com/wp-content/uploads/classified-listing/2024/09/240903_013-612x384.jpg
240903_012;Lote de libros;Libros, revistas y cómics;https://www.logrolimpio.com/catalogo/lote-de-libros-240903_012/;https://www.logrolimpio.com/wp-content/uploads/classified-listing/2024/09/240903_012-612x384.jpg
240903_011;Cojín;Elementos de decoración;https://www.logrolimpio.com/catalogo/cojin-240903_011/;https://www.logrolimpio.com/wp-content/uploads/classified-listing/2024/09/240903_011-612x384.jpg
240903_010;Lote de libros infantiles;Libros, revistas y cómics;https://www.logrolimpio.com/catalogo/lote-de-libros-infantiles-240903_010/;https://www.logrolimpio.com/wp-content/uploads/classified-listing/2024/09/240903_010-612x384.jpg
240903_008;Lote de cuentos;Libros, revistas y cómics;https://www.logrolimpio.com/catalogo/lote-de-cuentos-240903_008/;https://www.logrolimpio.com/wp-content/uploads/classified-listing/2024/09/240903_008-612x384.jpg
240903_005;Juegos educativos;Juguetes;https://www.logrolimpio.com/catalogo/juegos-educativos-240903_005/;https://www.logrolimpio.com/wp-content/uploads/classified-listing/2024/09/240903_005-612x384.jpg
240903_004;Colección cuentos Disney;Libros, revistas y cómics;https://www.logrolimpio.com/catalogo/coleccion-cuentos-disney-240903_004/;https://www.logrolimpio.com/wp-content/uploads/classified-listing/2024/09/240903_004-612x384.jpg
240903_001;Manta de actividades;Juguetes;https://www.logrolimpio.com/catalogo/manta-de-actividades-240903_001/;https://www.logrolimpio.com/wp-content/uploads/classified-listing/2024/09/240903_001-612x384.jpg
240810_009;Andador;Otros Hogar;https://www.logrolimpio.com/catalogo/andador-240810_009/;https://www.logrolimpio.com/wp-content/uploads/classified-listing/2024/08/240810_009-612x384.jpeg
240902_050;Impresora multifunción;Informática;https://www.logrolimpio.com/catalogo/impresora-multifuncion-240902_050/;https://www.logrolimpio.com/wp-content/uploads/classified-listing/2024/09/240902_050-612x384.jpg
240902_047;Juego educativo;Juguetes;https://www.logrolimpio.com/catalogo/juego-educativo-240902_047/;https://www.logrolimpio.com/wp-content/uploads/classified-listing/2024/09/240902_047-612x384.jpg
240902_046;Pala cargadora;Juguetes;https://www.logrolimpio.com/catalogo/pala-cargadora-240902_046/;https://www.logrolimpio.com/wp-content/uploads/classified-listing/2024/09/240902_046-612x384.jpg
240902_044;Patines talla 29-32;Material deportivo;https://www.logrolimpio.com/catalogo/patines-talla-29-32-240902_044/;https://www.logrolimpio.com/wp-content/uploads/classified-listing/2024/09/240902_044-612x384.jpg
240902_041;Libros infantiles;Libros, revistas y cómics;https://www.logrolimpio.com/catalogo/libros-infantiles-240902_041/;https://www.logrolimpio.com/wp-content/uploads/classified-listing/2024/09/240902_041-612x384.jpg
240902_035;Calienta biberones;Accesorios bebés;https://www.logrolimpio.com/catalogo/calienta-biberones-240902_035/;https://www.logrolimpio.com/wp-content/uploads/classified-listing/2024/09/240902_035-612x384.jpg
240902_032;Radiocasette;Equipos fotografía/audio/vídeo;https://www.logrolimpio.com/catalogo/radiocasette-240902_032/;https://www.logrolimpio.com/wp-content/uploads/classified-listing/2024/09/240902_032-612x384.jpg
240902_029;Ordenador infantil;Juguetes;https://www.logrolimpio.com/catalogo/ordenador-infantil-240902_029/;https://www.logrolimpio.com/wp-content/uploads/classified-listing/2024/09/240902_029-612x384.jpg
240902_028;Puzle infantil;Puzzles;https://www.logrolimpio.com/catalogo/puzle-infantil-240902_028/;https://www.logrolimpio.com/wp-content/uploads/classified-listing/2024/09/240902_028-612x384.jpg
240902_026;Tabla de plancha;Otros Hogar;https://www.logrolimpio.com/catalogo/tabla-de-plancha-240902_026/;https://www.logrolimpio.com/wp-content/uploads/classified-listing/2024/09/240902_026-589x384.jpg
240902_024;Silla para coche;Accesorios bebés;https://www.logrolimpio.com/catalogo/silla-para-coche-240902_024/;https://www.logrolimpio.com/wp-content/uploads/classified-listing/2024/09/240902_024-612x384.jpg
240902_021;Correpasillos;Accesorios bebés;https://www.logrolimpio.com/catalogo/correpasillos-240902_021/;https://www.logrolimpio.com/wp-content/uploads/classified-listing/2024/09/240902_021-612x384.jpg
240902_019;Juego desarrollo de destreza;Juguetes;https://www.logrolimpio.com/catalogo/juego-desarrollo-de-destreza-240902_019/;https://www.logrolimpio.com/wp-content/uploads/classified-listing/2024/09/240902_019-612x384.jpg
240902_018;Alimentos simulados;Juguetes;https://www.logrolimpio.com/catalogo/alimentos-simulados-240902_018/;https://www.logrolimpio.com/wp-content/uploads/classified-listing/2024/09/240902_018-612x384.jpg
240902_017;Parque infantil plegable;Accesorios bebés;https://www.logrolimpio.com/catalogo/parque-infantil-plegable-240902_017/;https://www.logrolimpio.com/wp-content/uploads/classified-listing/2024/09/240902_017-612x384.jpg
240902_013;Patinete;Juguetes;https://www.logrolimpio.com/catalogo/patinete-240902_013/;https://www.logrolimpio.com/wp-content/uploads/classified-listing/2024/09/240902_013-612x384.jpg
240902_011;Patinete freestyle;Material deportivo;https://www.logrolimpio.com/catalogo/patinete-freestyle-240902_011/;https://www.logrolimpio.com/wp-content/uploads/classified-listing/2024/09/240902_011-612x384.jpg
240902_009;Silla de ruedas;Otros Hogar;https://www.logrolimpio.com/catalogo/silla-de-ruedas-240902_009/;https://www.logrolimpio.com/wp-content/uploads/classified-listing/2024/09/240902_009-612x384.jpg
240902_008;Maleta pequeña;Mochilas, bolsos y maletas;https://www.logrolimpio.com/catalogo/maleta-pequena-240902_008/;https://www.logrolimpio.com/wp-content/uploads/classified-listing/2024/09/240902_008-612x384.jpg
240902_004;Repisa para baño;Otros Hogar;https://www.logrolimpio.com/catalogo/repisa-para-bano-240902_004/;https://www.logrolimpio.com/wp-content/uploads/classified-listing/2024/09/240902_004-612x384.jpg
240902_003;Caja plegable de almacenaje;Otros Hogar;https://www.logrolimpio.com/catalogo/caja-plegable-de-almacenaje-240902_003/;https://www.logrolimpio.com/wp-content/uploads/classified-listing/2024/09/240902_003-612x384.jpg
240902_002;Lote de cebadores para fluorescente;Elementos de decoración;https://www.logrolimpio.com/catalogo/lote-de-cebadores-para-fluorescente-240902_002/;https://www.logrolimpio.com/wp-content/uploads/classified-listing/2024/09/240902_002-612x384.jpg
240830_058;Juego infantil;Juguetes;https://www.logrolimpio.com/catalogo/juego-infantil-240830_058/;https://www.logrolimpio.com/wp-content/uploads/classified-listing/2024/08/240830_058-612x384.jpeg
240830_055;Maleta de viaje;Mochilas, bolsos y maletas;https://www.logrolimpio.com/catalogo/maleta-de-viaje-240830_055/;https://www.logrolimpio.com/wp-content/uploads/classified-listing/2024/08/240830_055-612x384.jpeg
240830_053;CDs;Informática;https://www.logrolimpio.com/catalogo/cds-240830_053/;https://www.logrolimpio.com/wp-content/uploads/classified-listing/2024/08/240830_053-612x384.jpeg
240830_052;Lámparas de noche;Elementos de iluminación;https://www.logrolimpio.com/catalogo/lamparas-de-noche-240830_052/;https://www.logrolimpio.com/wp-content/uploads/classified-listing/2024/08/240830_052-612x384.jpeg
240830_051;Cesta almacenamiento;Otros Hogar;https://www.logrolimpio.com/catalogo/cesta-almacenamiento-240830_051/;https://www.logrolimpio.com/wp-content/uploads/classified-listing/2024/08/240830_051-612x384.jpeg
240830_047;Hielo;Otros Hogar;https://www.logrolimpio.com/catalogo/hielo-240830_047/;https://www.logrolimpio.com/wp-content/uploads/classified-listing/2024/08/240830_047-612x384.jpeg
240830_046;Cazuelas de barro;Vajilla-Menaje;https://www.logrolimpio.com/catalogo/cazuelas-de-barro-240830_046/;https://www.logrolimpio.com/wp-content/uploads/classified-listing/2024/08/240830_046-612x384.jpeg
240830_039;Tazas de café;Vajilla-Menaje;https://www.logrolimpio.com/catalogo/tazas-de-cafe-240830_039/;https://www.logrolimpio.com/wp-content/uploads/classified-listing/2024/08/240830_039-612x384.jpeg
240830_038;Licuadora;Pequeños electrodomésticos;https://www.logrolimpio.com/catalogo/licuadora-240830_038/;https://www.logrolimpio.com/wp-content/uploads/classified-listing/2024/08/240830_038-612x384.jpeg
240830_037;Libros Urbanidad y Soluciones analíticas;Libros, revistas y cómics;https://www.logrolimpio.com/catalogo/libros-urbanidad-y-soluciones-analiticas-240830_037/;https://www.logrolimpio.com/wp-content/uploads/classified-listing/2024/08/240830_037-612x384.jpeg
240830_035;Libro The Spanish Game;Libros, revistas y cómics;https://www.logrolimpio.com/catalogo/libro-the-spanish-game-240830_035/;https://www.logrolimpio.com/wp-content/uploads/classified-listing/2024/08/240830_035-612x384.jpeg
240830_033;Libro Diccionario de filosofía abreviado;Libros, revistas y cómics;https://www.logrolimpio.com/catalogo/libro-diccionario-de-filosofia-abreviado-240830_033/;https://www.logrolimpio.com/wp-content/uploads/classified-listing/2024/08/240830_033-612x384.jpeg
240830_029;Libros Temática Religiosa;Libros, revistas y cómics;https://www.logrolimpio.com/catalogo/libros-poesias-san-jose-de-calasanz-y-milagros-de-nuestra-senora-240830_029/;https://www.logrolimpio.com/wp-content/uploads/classified-listing/2024/08/240830_029-612x384.jpeg
240830_028;Recipiente leche, café o té;Vajilla-Menaje;https://www.logrolimpio.com/catalogo/recipiente-leche-cafe-o-te-240830_028/;https://www.logrolimpio.com/wp-content/uploads/classified-listing/2024/08/240830_028-612x384.jpeg
240830_026;Dinosaurio;Juguetes;https://www.logrolimpio.com/catalogo/dinosaurio-240830_026/;https://www.logrolimpio.com/wp-content/uploads/classified-listing/2024/08/240830_026-612x384.jpeg
240830_025;Libro Alfonso imágenes de un siglo;Libros, revistas y cómics;https://www.logrolimpio.com/catalogo/libro-alfonso-imagenes-de-un-siglo-240830_025/;https://www.logrolimpio.com/wp-content/uploads/classified-listing/2024/08/240830_025-612x384.jpeg
240830_023;Libro El caballo;Libros, revistas y cómics;https://www.logrolimpio.com/catalogo/libro-el-caballo-240830_023/;https://www.logrolimpio.com/wp-content/uploads/classified-listing/2024/08/240830_023-612x384.jpeg
240830_021;Libro primeros auxilios;Libros, revistas y cómics;https://www.logrolimpio.com/catalogo/libro-primeros-auxilios-240830_021/;https://www.logrolimpio.com/wp-content/uploads/classified-listing/2024/08/240830_021-612x384.jpeg
240830_019;Libros sobre pensar;Libros, revistas y cómics;https://www.logrolimpio.com/catalogo/libros-sobre-pensar-240830_019/;https://www.logrolimpio.com/wp-content/uploads/classified-listing/2024/08/240830_019-612x384.jpeg
240830_015;Libros J.J. Benítez;Libros, revistas y cómics;https://www.logrolimpio.com/catalogo/libros-j-j-benitez-240830_015/;https://www.logrolimpio.com/wp-content/uploads/classified-listing/2024/08/240830_015-612x384.jpeg
240830_014;Guantes;Material deportivo;https://www.logrolimpio.com/catalogo/guantes-240830_014/;https://www.logrolimpio.com/wp-content/uploads/classified-listing/2024/08/240830_014-612x384.jpeg
240830_012;Termostato;Otros Hogar;https://www.logrolimpio.com/catalogo/termostato-240830_012/;https://www.logrolimpio.com/wp-content/uploads/classified-listing/2024/08/240830_012-612x384.jpeg
240830_011;Libros sobre psicología;Libros, revistas y cómics;https://www.logrolimpio.com/catalogo/libros-sobre-psicologia-240830_011/;https://www.logrolimpio.com/wp-content/uploads/classified-listing/2024/08/240830_011-612x384.jpeg
240830_005;Libros plantas, setas y hongos de la Rioja;Libros, revistas y cómics;https://www.logrolimpio.com/catalogo/libros-plantas-setas-y-hongos-de-la-rioja-240830_005/;https://www.logrolimpio.com/wp-content/uploads/classified-listing/2024/08/240830_005-612x384.jpeg
240830_003;Libros sobre la Rioja;Libros, revistas y cómics;https://www.logrolimpio.com/catalogo/libros-sobre-la-rioja-240830_003/;https://www.logrolimpio.com/wp-content/uploads/classified-listing/2024/08/240830_003-612x384.jpeg
240830_001;Libros empresariales;Libros, revistas y cómics;https://www.logrolimpio.com/catalogo/libros-empresariales-240830_001/;https://www.logrolimpio.com/wp-content/uploads/classified-listing/2024/08/240830_001-612x384.jpeg
240829_040;Archivador;Material escolar;https://www.logrolimpio.com/catalogo/archivador-240829_040/;https://www.logrolimpio.com/wp-content/uploads/classified-listing/2024/08/240829_040-612x384.jpeg
240828_019;Cuenco de aperitivos;Vajilla-Menaje;https://www.logrolimpio.com/catalogo/cuenco-de-aperitivos-240828_019/;https://www.logrolimpio.com/wp-content/uploads/classified-listing/2024/08/240829_019-612x384.jpeg
240829_025;Películas variadas;Películas;https://www.logrolimpio.com/catalogo/peliculas-variadas-240829_025/;https://www.logrolimpio.com/wp-content/uploads/classified-listing/2024/08/240829_025-612x384.jpeg
240829_024;Tazas de café;Vajilla-Menaje;https://www.logrolimpio.com/catalogo/tazas-de-cafe-240829_024/;https://www.logrolimpio.com/wp-content/uploads/classified-listing/2024/08/240829_024-612x384.jpeg
240829_022;Tóner HP o CANON;Informática;https://www.logrolimpio.com/catalogo/toner-hp-o-canon-240829_022/;https://www.logrolimpio.com/wp-content/uploads/classified-listing/2024/08/240829_022-612x384.jpeg
240829_021;Rallador de queso;Otros Hogar;https://www.logrolimpio.com/catalogo/rallador-de-queso-240829_021/;https://www.logrolimpio.com/wp-content/uploads/classified-listing/2024/08/240829_021-612x384.jpeg
240829_020;Calentador automático;Otros Hogar;https://www.logrolimpio.com/catalogo/calentador-automatico-240829_020/;https://www.logrolimpio.com/wp-content/uploads/classified-listing/2024/08/240829_020-612x384.jpeg
240829_017;Platos y tazas para café;Vajilla-Menaje;https://www.logrolimpio.com/catalogo/platos-y-tazas-para-cafe-240829_017/;https://www.logrolimpio.com/wp-content/uploads/classified-listing/2024/08/240829_017-612x384.jpeg
240829_016;Tazas de desayuno;Vajilla-Menaje;https://www.logrolimpio.com/catalogo/tazas-de-desayuno-240829_016/;https://www.logrolimpio.com/wp-content/uploads/classified-listing/2024/08/240829_016-612x384.jpeg
240829_014;Bandeja de cristal;Elementos de decoración;https://www.logrolimpio.com/catalogo/plato-de-mesa-240829_014/;https://www.logrolimpio.com/wp-content/uploads/classified-listing/2024/08/240829_014-612x384.jpeg
240829_008;Cesta decorativa;Elementos de decoración;https://www.logrolimpio.com/catalogo/fuente-240829_008/;https://www.logrolimpio.com/wp-content/uploads/classified-listing/2024/08/240829_008-612x384.jpeg
240829_003;Vasos de cristal;Vajilla-Menaje;https://www.logrolimpio.com/catalogo/vasos-de-cristal-240829_003/;https://www.logrolimpio.com/wp-content/uploads/classified-listing/2024/08/240829_003-612x384.jpeg
240829_001;Jarra Agua;Vajilla-Menaje;https://www.logrolimpio.com/catalogo/jarra-agua-240829_001/;https://www.logrolimpio.com/wp-content/uploads/classified-listing/2024/08/240829_001-612x384.jpeg
240828_036;Libros Medio Ambiente, Botánica y Ecología;Libros, revistas y cómics;https://www.logrolimpio.com/catalogo/libros-medio-ambiente-botanica-y-ecologia-240828_036/;https://www.logrolimpio.com/wp-content/uploads/classified-listing/2024/08/240828_036-612x384.jpeg
240828_032;Triángulos del coche;Otros Hogar;https://www.logrolimpio.com/catalogo/triangulos-del-coche-240828_032/;https://www.logrolimpio.com/wp-content/uploads/classified-listing/2024/08/240828_032-612x384.jpeg
240828_029;Jarrón decoración;Elementos de decoración;https://www.logrolimpio.com/catalogo/jarron-decoracion-240828_029/;https://www.logrolimpio.com/wp-content/uploads/classified-listing/2024/08/240828_029-612x384.jpeg
240828_028;Películas variadas;Películas;https://www.logrolimpio.com/catalogo/peliculas-variadas-240828_028/;https://www.logrolimpio.com/wp-content/uploads/classified-listing/2024/08/240828_028-612x384.jpeg
240828_027;Películas del Oeste;Películas;https://www.logrolimpio.com/catalogo/peliculas-del-oeste-240828_007/;https://www.logrolimpio.com/wp-content/uploads/classified-listing/2024/08/240828_027-612x384.jpeg
240828_024;Bandejas;Elementos de decoración;https://www.logrolimpio.com/catalogo/bandejas-240828_024/;https://www.logrolimpio.com/wp-content/uploads/classified-listing/2024/08/240828_024-612x384.jpeg
240828_023;Figura;Elementos de decoración;https://www.logrolimpio.com/catalogo/figura-240828_023/;https://www.logrolimpio.com/wp-content/uploads/classified-listing/2024/08/240828_023-612x384.jpeg
240828_022;CD-R Imation;Informática;https://www.logrolimpio.com/catalogo/cd-r-imation-240828_022/;https://www.logrolimpio.com/wp-content/uploads/classified-listing/2024/08/240828_022-612x384.jpeg
240827_037;Libros variados;Libros, revistas y cómics;https://www.logrolimpio.com/catalogo/libros-variados-240827_037/;https://www.logrolimpio.com/wp-content/uploads/classified-listing/2024/08/240827_037-612x384.jpeg
240827_036;Libros Escritores Españoles;Libros, revistas y cómics;https://www.logrolimpio.com/catalogo/libros-escritores-espanoles-240827_036/;https://www.logrolimpio.com/wp-content/uploads/classified-listing/2024/08/240827_036-612x384.jpeg
240827_035;Libros Arthur C. CLARKE;Libros, revistas y cómics;https://www.logrolimpio.com/catalogo/libros-arthur-c-clarke-240827_035/;https://www.logrolimpio.com/wp-content/uploads/classified-listing/2024/08/240827_035-612x384.jpeg
240827_029;Tulipas de lámparas;Elementos de iluminación;https://www.logrolimpio.com/catalogo/tulipas-de-lamparas-240827_029/;https://www.logrolimpio.com/wp-content/uploads/classified-listing/2024/08/240827_029-612x384.jpeg
240827_028;Cuentos infantiles;Libros, revistas y cómics;https://www.logrolimpio.com/catalogo/cuentos-infantiles-240827_028/;https://www.logrolimpio.com/wp-content/uploads/classified-listing/2024/08/240827_028-612x384.jpeg
240827_025;Fluorescentes;Elementos de iluminación;https://www.logrolimpio.com/catalogo/fluorescentes-240827_025/;https://www.logrolimpio.com/wp-content/uploads/classified-listing/2024/08/240827_025-612x384.jpeg
240827_024;Bolsa verde;Mochilas, bolsos y maletas;https://www.logrolimpio.com/catalogo/bolsa-verde-240827_024/;https://www.logrolimpio.com/wp-content/uploads/classified-listing/2024/08/240827_024-612x384.jpeg
240827_018;Oso bebé;Juguetes;https://www.logrolimpio.com/catalogo/oso-bebe-240827_018/;https://www.logrolimpio.com/wp-content/uploads/classified-listing/2024/08/240827_018-612x384.jpeg
240827_017;Bolso;Mochilas, bolsos y maletas;https://www.logrolimpio.com/catalogo/bolso-240827_017/;https://www.logrolimpio.com/wp-content/uploads/classified-listing/2024/08/240827_017-612x384.jpeg
240827_016;Bolso granate;Mochilas, bolsos y maletas;https://www.logrolimpio.com/catalogo/bolso-granate-240827_016/;https://www.logrolimpio.com/wp-content/uploads/classified-listing/2024/08/240827_016-612x384.jpeg
240827_038;Palo selfi;Otros Hogar;https://www.logrolimpio.com/catalogo/palo-selfi-240827_038/;https://www.logrolimpio.com/wp-content/uploads/classified-listing/2024/08/240827_038-612x384.jpeg
240827_037;Libros variados;Libros, revistas y cómics;https://www.logrolimpio.com/catalogo/libros-variados-240827_037/;https://www.logrolimpio.com/wp-content/uploads/classified-listing/2024/08/240827_037-612x384.jpeg
240827_036;Libros Escritores Españoles;Libros, revistas y cómics;https://www.logrolimpio.com/catalogo/libros-escritores-espanoles-240827_036/;https://www.logrolimpio.com/wp-content/uploads/classified-listing/2024/08/240827_036-612x384.jpeg
240827_035;Libros Arthur C. CLARKE;Libros, revistas y cómics;https://www.logrolimpio.com/catalogo/libros-arthur-c-clarke-240827_035/;https://www.logrolimpio.com/wp-content/uploads/classified-listing/2024/08/240827_035-612x384.jpeg
240827_029;Tulipas de lámparas;Elementos de iluminación;https://www.logrolimpio.com/catalogo/tulipas-de-lamparas-240827_029/;https://www.logrolimpio.com/wp-content/uploads/classified-listing/2024/08/240827_029-612x384.jpeg
240827_028;Cuentos infantiles;Libros, revistas y cómics;https://www.logrolimpio.com/catalogo/cuentos-infantiles-240827_028/;https://www.logrolimpio.com/wp-content/uploads/classified-listing/2024/08/240827_028-612x384.jpeg
240827_025;Fluorescentes;Elementos de iluminación;https://www.logrolimpio.com/catalogo/fluorescentes-240827_025/;https://www.logrolimpio.com/wp-content/uploads/classified-listing/2024/08/240827_025-612x384.jpeg
240827_024;Bolsa verde;Mochilas, bolsos y maletas;https://www.logrolimpio.com/catalogo/bolsa-verde-240827_024/;https://www.logrolimpio.com/wp-content/uploads/classified-listing/2024/08/240827_024-612x384.jpeg
240827_018;Oso bebé;Juguetes;https://www.logrolimpio.com/catalogo/oso-bebe-240827_018/;https://www.logrolimpio.com/wp-content/uploads/classified-listing/2024/08/240827_018-612x384.jpeg
240827_017;Bolso;Mochilas, bolsos y maletas;https://www.logrolimpio.com/catalogo/bolso-240827_017/;https://www.logrolimpio.com/wp-content/uploads/classified-listing/2024/08/240827_017-612x384.jpeg
240827_016;Bolso granate;Mochilas, bolsos y maletas;https://www.logrolimpio.com/catalogo/bolso-granate-240827_016/;https://www.logrolimpio.com/wp-content/uploads/classified-listing/2024/08/240827_016-612x384.jpeg
240827_014;Radio Cassette PHILIPS;Equipos fotografía/audio/vídeo;https://www.logrolimpio.com/catalogo/radio-cassette-philips-240827_014/;https://www.logrolimpio.com/wp-content/uploads/classified-listing/2024/08/240827_014-612x384.jpeg
240827_013;Mochila BERCHET;Mochilas, bolsos y maletas;https://www.logrolimpio.com/catalogo/mochila-berchet-240827_013/;https://www.logrolimpio.com/wp-content/uploads/classified-listing/2024/08/240827_013-612x384.jpeg
240827_012;Bolso plateado;Mochilas, bolsos y maletas;https://www.logrolimpio.com/catalogo/bolso-plateado-240827_012/;https://www.logrolimpio.com/wp-content/uploads/classified-listing/2024/08/240827_012-612x384.jpeg
240826_039;Mochila infantil;Mochilas, bolsos y maletas;https://www.logrolimpio.com/catalogo/mochila-infantil-240826_039/;https://www.logrolimpio.com/wp-content/uploads/classified-listing/2024/08/240826_039-612x384.jpg
240826_036;Cocina Hello Kitty;Juguetes;https://www.logrolimpio.com/catalogo/cocina-hello-kitty-240826_036/;https://www.logrolimpio.com/wp-content/uploads/classified-listing/2024/08/240826_036-612x384.jpg
240826_034;Patines talla 31;Material deportivo;https://www.logrolimpio.com/catalogo/patines-talla-31-240826_034/;https://www.logrolimpio.com/wp-content/uploads/classified-listing/2024/08/240826_034-612x384.jpg
240826_033;Plantillas para dibujo;Material escolar;https://www.logrolimpio.com/catalogo/plantillas-para-dibujo-240826_033/;https://www.logrolimpio.com/wp-content/uploads/classified-listing/2024/08/240826_033-612x384.jpg
240826_024;Tarrina de CDs;Informática;https://www.logrolimpio.com/catalogo/tarrina-de-cds-240826_024/;https://www.logrolimpio.com/wp-content/uploads/classified-listing/2024/08/240826_024-612x384.jpg
240826_011;Triciclo;Juguetes;https://www.logrolimpio.com/catalogo/triciclo-240826_011/;https://www.logrolimpio.com/wp-content/uploads/classified-listing/2024/08/240826_011-612x384.jpg
240823_020;Películas Frenesí y La Ventana Indiscreta;Películas;https://www.logrolimpio.com/catalogo/peliculas-frenesi-y-la-ventana-indiscreta-240823_020/;https://www.logrolimpio.com/wp-content/uploads/classified-listing/2024/08/240823_020-612x384.jpeg
240823_017;Cartuchos de tinta HP 302 XL;Informática;https://www.logrolimpio.com/catalogo/cartuchos-de-tinta-hp-302-xl-240823_017/;https://www.logrolimpio.com/wp-content/uploads/classified-listing/2024/08/240823_017-612x384.jpeg
240823_010;Películas SURVIVE Y VIVEN;Películas;https://www.logrolimpio.com/catalogo/peliculas-survive-y-viven-240823_010/;https://www.logrolimpio.com/wp-content/uploads/classified-listing/2024/08/240823_010-612x384.jpeg
240823_008;Silla de coche 15- 36 KG;Accesorios bebés;https://www.logrolimpio.com/catalogo/silla-de-coche-15-36-kg-240823_008/;https://www.logrolimpio.com/wp-content/uploads/classified-listing/2024/08/240823_008-612x384.jpeg
240822_024;Libros Nuestros antepasados y La nube de Smog;Libros, revistas y cómics;https://www.logrolimpio.com/catalogo/libros-nuestros-antepasados-y-la-nube-de-smog-240822_024/;https://www.logrolimpio.com/wp-content/uploads/classified-listing/2024/08/240822_024-612x384.jpeg
240822_022;Lámpara de techo;Elementos de iluminación;https://www.logrolimpio.com/catalogo/lampara-de-techo-240822_022/;https://www.logrolimpio.com/wp-content/uploads/classified-listing/2024/08/240822_022-612x384.jpeg
240822_020;Esterilizador CHICCO;Otros Niños Bebés;https://www.logrolimpio.com/catalogo/esterilizador-chicco-240822_020/;https://www.logrolimpio.com/wp-content/uploads/classified-listing/2024/08/240822_020-612x384.jpeg
240822_018;Libro La Biblia Ecuménica;Libros, revistas y cómics;https://www.logrolimpio.com/catalogo/libro-la-biblia-ecumenica-240822_018/;https://www.logrolimpio.com/wp-content/uploads/classified-listing/2024/08/240822_018-612x384.jpeg
240822_016;Nuevo diccionario esencial de la lengua Española;Libros, revistas y cómics;https://www.logrolimpio.com/catalogo/nuevo-diccionario-esencial-de-la-lengua-espanola-240822_016/;https://www.logrolimpio.com/wp-content/uploads/classified-listing/2024/08/240822_016-612x384.jpeg
240822_011;Películas variadas;Películas;https://www.logrolimpio.com/catalogo/peliculas-variadas-240822_011/;https://www.logrolimpio.com/wp-content/uploads/classified-listing/2024/08/240822_011-612x384.jpeg
240821_012;Plantillas y lápices;Material escolar;https://www.logrolimpio.com/catalogo/plantillas-y-lapices-240821_012/;https://www.logrolimpio.com/wp-content/uploads/classified-listing/2024/08/240821_012-612x384.jpeg
240821_009;Recipiente SWEET & SALT;Vajilla-Menaje;https://www.logrolimpio.com/catalogo/recipiente-sweet-salt-240821_009/;https://www.logrolimpio.com/wp-content/uploads/classified-listing/2024/08/240821_009-612x384.jpeg
240821_002;Marco de Fotos;Otros Hogar;https://www.logrolimpio.com/catalogo/marco-de-fotos-240821_002/;https://www.logrolimpio.com/wp-content/uploads/classified-listing/2024/08/240821_002-612x384.jpeg
240820_035;Peluches;Juguetes;https://www.logrolimpio.com/catalogo/peluches-240820_035/;https://www.logrolimpio.com/wp-content/uploads/classified-listing/2024/08/240820_035-612x384.jpeg
240820_034;Abrebotellas;Otros Hogar;https://www.logrolimpio.com/catalogo/abrebotellas-240820_034/;https://www.logrolimpio.com/wp-content/uploads/classified-listing/2024/08/240820_034-612x384.jpeg
240820_022;DVDs Portugal, Nueva York, Roma y Amsterdan;Películas;https://www.logrolimpio.com/catalogo/dvds-portugal-nueva-york-roma-y-amsterdan-240820_022/;https://www.logrolimpio.com/wp-content/uploads/classified-listing/2024/08/240820_022-612x384.jpeg
240820_017;Hamaca bebé;Accesorios bebés;https://www.logrolimpio.com/catalogo/hamaca-bebe-240820_017/;https://www.logrolimpio.com/wp-content/uploads/classified-listing/2024/08/240820_017-612x384.jpeg
240820_014;Taladradora;Material escolar;https://www.logrolimpio.com/catalogo/taladradora-240820_014/;https://www.logrolimpio.com/wp-content/uploads/classified-listing/2024/08/240820_014-612x384.jpeg
240820_007;Mochila de elefante;Mochilas, bolsos y maletas;https://www.logrolimpio.com/catalogo/mochila-de-elefante-240820_007/;https://www.logrolimpio.com/wp-content/uploads/classified-listing/2024/08/240820_007-612x384.jpeg
240820_005;Películas variadas;Películas;https://www.logrolimpio.com/catalogo/peliculas-variadas-240820_005/;https://www.logrolimpio.com/wp-content/uploads/classified-listing/2024/08/240820_005-612x384.jpeg
240820_003;Libros Terence Moix y Berlen Yin;Libros, revistas y cómics;https://www.logrolimpio.com/catalogo/libros-terence-moix-y-berlen-yin-240820_003/;https://www.logrolimpio.com/wp-content/uploads/classified-listing/2024/08/240820_003-612x384.jpeg
240819_046;Helicóptero Tortuga Ninja;Juguetes;https://www.logrolimpio.com/catalogo/helicoptero-tortuga-ninja-240819_046/;https://www.logrolimpio.com/wp-content/uploads/classified-listing/2024/08/240819_046-612x384.jpg
240819_039;Palo selfie;Otros Hogar;https://www.logrolimpio.com/catalogo/palo-selfie-240819_039/;https://www.logrolimpio.com/wp-content/uploads/classified-listing/2024/08/240819_039-612x384.jpg
240819_028;Soporte para consola PS4;Videojuegos;https://www.logrolimpio.com/catalogo/soporte-para-consola-ps4-240819_028/;https://www.logrolimpio.com/wp-content/uploads/classified-listing/2024/08/240819_028-612x384.jpg
240819_025;Vela;Elementos de decoración;https://www.logrolimpio.com/catalogo/vela-240819_025/;https://www.logrolimpio.com/wp-content/uploads/classified-listing/2024/08/240819_025-612x384.jpg
240819_024;Lote de CDs música Techno;Música;https://www.logrolimpio.com/catalogo/lote-de-cds-musica-techno-240819_024/;https://www.logrolimpio.com/wp-content/uploads/classified-listing/2024/08/240819_024-612x384.jpg
240819_010;Lote de películas documentales;Películas;https://www.logrolimpio.com/catalogo/lote-de-peliculas-documentales-240819_010/;https://www.logrolimpio.com/wp-content/uploads/classified-listing/2024/08/240819_010-612x384.jpg
240819_008;Silla de coche para bebé;Accesorios bebés;https://www.logrolimpio.com/catalogo/silla-de-coche-para-bebe-240819_008/;https://www.logrolimpio.com/wp-content/uploads/classified-listing/2024/08/240819_008-612x384.jpg
240817_004;Pack 5 CD/DVD;Otros Hogar;https://www.logrolimpio.com/catalogo/pack-5-cd-dvd-240817_004/;https://www.logrolimpio.com/wp-content/uploads/classified-listing/2024/08/240817_004-612x384.jpeg
240816_041;Cubitera;Vajilla-Menaje;https://www.logrolimpio.com/catalogo/cubitera-240816_041/;https://www.logrolimpio.com/wp-content/uploads/classified-listing/2024/08/240816_041-612x384.jpeg
240816_039;Lámpara de techo;Elementos de iluminación;https://www.logrolimpio.com/catalogo/lampara-de-techo-240816_039/;https://www.logrolimpio.com/wp-content/uploads/classified-listing/2024/08/240816_039-612x384.jpeg
240816_038;Silla de bebé de coche;Accesorios bebés;https://www.logrolimpio.com/catalogo/silla-de-bebe-de-coche-240816_038/;https://www.logrolimpio.com/wp-content/uploads/classified-listing/2024/08/240816_038-612x384.jpeg
240816_037;Silla de bebé;Accesorios bebés;https://www.logrolimpio.com/catalogo/silla-de-bebe-240816_037/;https://www.logrolimpio.com/wp-content/uploads/classified-listing/2024/08/240816_037-612x384.jpeg
240816_034;Películas clásicas;Películas;https://www.logrolimpio.com/catalogo/peliculas-clasicas-240816_034/;https://www.logrolimpio.com/wp-content/uploads/classified-listing/2024/08/240816_034-612x384.jpeg
240816_033;Libros temática variada;Libros, revistas y cómics;https://www.logrolimpio.com/catalogo/libros-tematica-variada-240816_033/;https://www.logrolimpio.com/wp-content/uploads/classified-listing/2024/08/240816_033-612x384.jpeg
240816_030;Peluche;Juguetes;https://www.logrolimpio.com/catalogo/peluche-240816_030/;https://www.logrolimpio.com/wp-content/uploads/classified-listing/2024/08/240816_030-612x384.jpeg
240816_029;Lámpara infantil;Elementos de iluminación;https://www.logrolimpio.com/catalogo/lampara-infantil-240816_029/;https://www.logrolimpio.com/wp-content/uploads/classified-listing/2024/08/240816_029-612x384.jpeg
240816_022;Porta trajes;Otros Hogar;https://www.logrolimpio.com/catalogo/porta-trajes-240816_022/;https://www.logrolimpio.com/wp-content/uploads/classified-listing/2024/08/240816_022-612x384.jpeg
240816_021;Libros literatura infantil;Libros, revistas y cómics;https://www.logrolimpio.com/catalogo/libros-literatura-infantil-240816_021/;https://www.logrolimpio.com/wp-content/uploads/classified-listing/2024/08/240816_021-612x384.jpeg
240816_020;Mochila COPYSPORT;Mochilas, bolsos y maletas;https://www.logrolimpio.com/catalogo/mochila-copysport-240816_020/;https://www.logrolimpio.com/wp-content/uploads/classified-listing/2024/08/240816_020-612x384.jpeg
240816_016;Maleta SANSONITE;Mochilas, bolsos y maletas;https://www.logrolimpio.com/catalogo/maleta-sansonite-240816_016/;https://www.logrolimpio.com/wp-content/uploads/classified-listing/2024/08/240816_016-612x384.jpeg
240816_015;Libros románticos;Libros, revistas y cómics;https://www.logrolimpio.com/catalogo/libros-romanticos-240816_015/;https://www.logrolimpio.com/wp-content/uploads/classified-listing/2024/08/240816_015-612x384.jpeg
240816_013;Mochila VISIONLAB;Mochilas, bolsos y maletas;https://www.logrolimpio.com/catalogo/mochila-visionlab-240816_013/;https://www.logrolimpio.com/wp-content/uploads/classified-listing/2024/08/240816_013-612x384.jpeg
240816_012;Mochila bolso blanco;Mochilas, bolsos y maletas;https://www.logrolimpio.com/catalogo/mochila-bolso-blanco-240816_012/;https://www.logrolimpio.com/wp-content/uploads/classified-listing/2024/08/240816_012-612x384.jpeg
240816_011;Maleta CATAI;Mochilas, bolsos y maletas;https://www.logrolimpio.com/catalogo/maleta-catai-240816_011/;https://www.logrolimpio.com/wp-content/uploads/classified-listing/2024/08/240816_011-612x384.jpeg
240816_009;Bolso Bandolera marrón;Mochilas, bolsos y maletas;https://www.logrolimpio.com/catalogo/bolso-bandolera-marron-240816_009/;https://www.logrolimpio.com/wp-content/uploads/classified-listing/2024/08/240816_009-612x384.jpeg
240816_004;Bolso pequeño;Mochilas, bolsos y maletas;https://www.logrolimpio.com/catalogo/bolso-pequeno-240816_004/;https://www.logrolimpio.com/wp-content/uploads/classified-listing/2024/08/240816_004-612x384.jpeg
240814_049;Libros novela romántica;Libros, revistas y cómics;https://www.logrolimpio.com/catalogo/libros-novela-romantica-240814_049/;https://www.logrolimpio.com/wp-content/uploads/classified-listing/2024/08/240814_049-612x384.jpeg
240814_048;Bandejas;Elementos de decoración;https://www.logrolimpio.com/catalogo/bandejas-240814_048/;https://www.logrolimpio.com/wp-content/uploads/classified-listing/2024/08/240814_048-612x384.jpeg
240814_044;4 vasos de cerámica;Vajilla-Menaje;https://www.logrolimpio.com/catalogo/4-vasos-de-ceramica-240814_044/;https://www.logrolimpio.com/wp-content/uploads/classified-listing/2024/08/240814_044-612x384.jpeg
240814_043;Salero, pimentero;Otros Hogar;https://www.logrolimpio.com/catalogo/salero-pimentero-240814_043/;https://www.logrolimpio.com/wp-content/uploads/classified-listing/2024/08/240814_043-612x384.jpeg
240814_036;Copas de coñac;Vajilla-Menaje;https://www.logrolimpio.com/catalogo/copas-de-conac-240814_036/;https://www.logrolimpio.com/wp-content/uploads/classified-listing/2024/08/240814_036-612x384.jpeg
240814_031;Música God Save The Queen;Música;https://www.logrolimpio.com/catalogo/musica-god-save-the-queen-240814_031/;https://www.logrolimpio.com/wp-content/uploads/classified-listing/2024/08/240814_031-612x384.jpeg
240814_030;Libros Fronteras de pasión y Una mujer en sus brazos;Libros, revistas y cómics;https://www.logrolimpio.com/catalogo/libros-fronteras-de-pasion-y-una-mujer-en-sus-brazos-240814_030/;https://www.logrolimpio.com/wp-content/uploads/classified-listing/2024/08/240814_030-612x384.jpeg
240814_028;Libros Fronteras de pasión y Unidos por el azar;Libros, revistas y cómics;https://www.logrolimpio.com/catalogo/libros-fronteras-de-pasion-y-unidos-por-el-azar-240814_028/;https://www.logrolimpio.com/wp-content/uploads/classified-listing/2024/08/240814_028-612x384.jpeg
240814_023;Libros novela romántica;Libros, revistas y cómics;https://www.logrolimpio.com/catalogo/libros-novela-romantica-240814_023/;https://www.logrolimpio.com/wp-content/uploads/classified-listing/2024/08/240814_023-612x384.jpeg
240814_021;Cuadro;Elementos de decoración;https://www.logrolimpio.com/catalogo/cuadro-240814_021/;https://www.logrolimpio.com/wp-content/uploads/classified-listing/2024/08/240814_021-612x384.jpeg
240814_015;Libros Amor y venganza y La vengadora;Libros, revistas y cómics;https://www.logrolimpio.com/catalogo/libros-amor-y-venganza-y-la-vengadora-240814_015/;https://www.logrolimpio.com/wp-content/uploads/classified-listing/2024/08/240814_015-612x384.jpeg
240814_012;Libros Ricos y famosos en Nambula y Oro turbio;Libros, revistas y cómics;https://www.logrolimpio.com/catalogo/libros-ricos-y-famosos-en-nambula-y-oro-turbio-240814_012/;https://www.logrolimpio.com/wp-content/uploads/classified-listing/2024/08/240814_012-612x384.jpeg
240814_010;Libros Luz en la tormenta y Amor de diseño;Libros, revistas y cómics;https://www.logrolimpio.com/catalogo/libros-luz-en-la-tormenta-y-amor-de-diseno-240814_010/;https://www.logrolimpio.com/wp-content/uploads/classified-listing/2024/08/240814_010-612x384.jpeg
240814_007;Bolso mochila;Libros, revistas y cómics;https://www.logrolimpio.com/catalogo/bolso-mochila-240814_007/;https://www.logrolimpio.com/wp-content/uploads/classified-listing/2024/08/240814_007-612x384.jpeg
240814_006;Libros As de corazones, Casi una novia y Decepción;Libros, revistas y cómics;https://www.logrolimpio.com/catalogo/libros-as-de-corazones-casi-una-novia-y-decepcion-240814_006/;https://www.logrolimpio.com/wp-content/uploads/classified-listing/2024/08/240814_006-612x384.jpeg
240814_002;Armario para CDs o DVDs;Muebles pequeños;https://www.logrolimpio.com/catalogo/armario-para-cds-o-dvds-240814_002/;https://www.logrolimpio.com/wp-content/uploads/classified-listing/2024/08/240814_002-612x384.jpeg
240814_001;Libros Amor en el castillo y Esnobs;Libros, revistas y cómics;https://www.logrolimpio.com/catalogo/libros-amor-en-el-castillo-y-esnobs-240814_001/;https://www.logrolimpio.com/wp-content/uploads/classified-listing/2024/08/240814_001-612x384.jpeg
240813_033;Acople para puerta;Otros Hogar;https://www.logrolimpio.com/catalogo/acople-para-puerta-240813_033/;https://www.logrolimpio.com/wp-content/uploads/classified-listing/2024/08/240813_033-612x384.jpeg
240813_031;Palo selfie;Equipos fotografía/audio/vídeo;https://www.logrolimpio.com/catalogo/palo-selfie-240813_031/;https://www.logrolimpio.com/wp-content/uploads/classified-listing/2024/08/240813_031-612x384.jpeg
240813_030;Puzzle Looney Tunes;Puzzles;https://www.logrolimpio.com/catalogo/puzzle-looney-tunes-240813_030/;https://www.logrolimpio.com/wp-content/uploads/classified-listing/2024/08/240813_030-612x384.jpeg
240813_029;Juego DINOHUNT;Juegos de mesa;https://www.logrolimpio.com/catalogo/juego-dinohunt-240813_029/;https://www.logrolimpio.com/wp-content/uploads/classified-listing/2024/08/240813_029-612x384.jpeg
240813_020;Peluches;Juguetes;https://www.logrolimpio.com/catalogo/peluches-240813_020/;https://www.logrolimpio.com/wp-content/uploads/classified-listing/2024/08/240813_020-612x384.jpeg
240813_016;Barra de cobre;Otros Hogar;https://www.logrolimpio.com/catalogo/barra-de-cobre-240813_016/;https://www.logrolimpio.com/wp-content/uploads/classified-listing/2024/08/240813_016-612x384.jpeg
240813_006;Cuadrito religioso;Elementos de decoración;https://www.logrolimpio.com/catalogo/cuadrito-religioso-240813_006/;https://www.logrolimpio.com/wp-content/uploads/classified-listing/2024/08/240813_006-612x384.jpg
240813_005;Querubín;Elementos de decoración;https://www.logrolimpio.com/catalogo/querubin-240813_005/;https://www.logrolimpio.com/wp-content/uploads/classified-listing/2024/08/240813_005-612x384.jpg
240813_003;Archivador FRANKLIN;Material escolar;https://www.logrolimpio.com/catalogo/archivador-franklin-240813_003/;https://www.logrolimpio.com/wp-content/uploads/classified-listing/2024/08/240813_003-612x384.jpg
240812_015;Lote de peluches;Juguetes;https://www.logrolimpio.com/catalogo/lote-de-peluches-240812_015/;https://www.logrolimpio.com/wp-content/uploads/classified-listing/2024/08/240812_015-612x384.jpg
240812_014;Lote de cuadros infantiles;Elementos de decoración;https://www.logrolimpio.com/catalogo/lote-de-cuadros-infantiles-240812_014/;https://www.logrolimpio.com/wp-content/uploads/classified-listing/2024/08/240812_014-612x384.jpg
240812_005;Lámpara de techo infantil;Elementos de iluminación;https://www.logrolimpio.com/catalogo/lampara-de-techo-infantil-240812_005/;https://www.logrolimpio.com/wp-content/uploads/classified-listing/2024/08/240812_005-612x384.jpg
240812_003;Lote de juguetes para bebé;Juguetes;https://www.logrolimpio.com/catalogo/lote-de-juguetes-para-bebe-240812_003/;https://www.logrolimpio.com/wp-content/uploads/classified-listing/2024/08/240812_003-612x384.jpg
240810_013;Libro Donde vuelan las cometas;Libros, revistas y cómics;https://www.logrolimpio.com/catalogo/libro-donde-vuelan-las-cometas-240810_013/;https://www.logrolimpio.com/wp-content/uploads/classified-listing/2024/08/240810_013-612x384.jpeg
240810_010;Cuna de madera;Accesorios bebés;https://www.logrolimpio.com/catalogo/cuna-de-madera-240810_010/;https://www.logrolimpio.com/wp-content/uploads/classified-listing/2024/08/240810_010-612x384.jpeg
240810_008;Cesta de mimbre;Elementos de decoración;https://www.logrolimpio.com/catalogo/cesta-de-mimbre-240810_008/;https://www.logrolimpio.com/wp-content/uploads/classified-listing/2024/08/240810_008-612x384.jpeg
240810_005;Libros Bullying y Acoso escolar;Libros, revistas y cómics;https://www.logrolimpio.com/catalogo/libros-bullying-y-acoso-escolar-240810_005/;https://www.logrolimpio.com/wp-content/uploads/classified-listing/2024/08/240810_005-612x384.jpeg
240810_003;Libros La Isla del Tesoro y BOY;Libros, revistas y cómics;https://www.logrolimpio.com/catalogo/libros-la-isla-del-tesoro-y-boy-240810_003/;https://www.logrolimpio.com/wp-content/uploads/classified-listing/2024/08/240810_003-612x384.jpeg
240810_001;Películas variadas DVD;Películas;https://www.logrolimpio.com/catalogo/peliculas-variadas-dvd-240810_001/;https://www.logrolimpio.com/wp-content/uploads/classified-listing/2024/08/240810_001-612x384.jpeg
240809_016;Películas cine clásico;Películas;https://www.logrolimpio.com/catalogo/peliculas-cine-clasico-240809_016/;https://www.logrolimpio.com/wp-content/uploads/classified-listing/2024/08/240809_016-612x384.jpeg
240809_015;Películas de terror;Películas;https://www.logrolimpio.com/catalogo/peliculas-de-terror-240809_015/;https://www.logrolimpio.com/wp-content/uploads/classified-listing/2024/08/240809_015-612x384.jpeg
240809_011;Películas cine clásico musical;Películas;https://www.logrolimpio.com/catalogo/peliculas-cine-clasico-musical-240809_011/;https://www.logrolimpio.com/wp-content/uploads/classified-listing/2024/08/240809_011-612x384.jpg
240809_010;Películas cine clásico;Películas;https://www.logrolimpio.com/catalogo/peliculas-cine-clasico-240809_010/;https://www.logrolimpio.com/wp-content/uploads/classified-listing/2024/08/240809_010-612x384.jpg
240809_009;Set de café o té;Vajilla-Menaje;https://www.logrolimpio.com/catalogo/set-de-cafe-o-te-240809_009/;https://www.logrolimpio.com/wp-content/uploads/classified-listing/2024/08/240809_009-612x384.jpg
240809_007;Jarra y platos;Vajilla-Menaje;https://www.logrolimpio.com/catalogo/jarra-y-platos-240809_007/;https://www.logrolimpio.com/wp-content/uploads/classified-listing/2024/08/240809_007-612x384.jpg
240808_033;Cuadro P. Esmalte;Elementos de decoración;https://www.logrolimpio.com/catalogo/cuadro-p-esmalte-240808_033/;https://www.logrolimpio.com/wp-content/uploads/classified-listing/2024/08/240808_033-612x384.jpeg
240808_028;Cuadro pastoreo;Elementos de decoración;https://www.logrolimpio.com/catalogo/cuadro-pastoreo-240808_028/;https://www.logrolimpio.com/wp-content/uploads/classified-listing/2024/08/240808_028-612x384.jpeg
240808_026;Cuadros de flores;Elementos de decoración;https://www.logrolimpio.com/catalogo/cuadros-de-flores-240808_026/;https://www.logrolimpio.com/wp-content/uploads/classified-listing/2024/08/240808_026-612x384.jpeg
240808_023;Cerraduras con bombín;Otros Hogar;https://www.logrolimpio.com/catalogo/cerraduras-con-bombin-240808_022/;https://www.logrolimpio.com/wp-content/uploads/classified-listing/2024/08/240808_022-612x384.jpeg
240808_020;Cuadro;Elementos de decoración;https://www.logrolimpio.com/catalogo/cuadro-240808_020/;https://www.logrolimpio.com/wp-content/uploads/classified-listing/2024/08/240808_020-612x384.jpeg
240807_043;Música Of the Millennium y Eternas;Música;https://www.logrolimpio.com/catalogo/musica-of-the-millennium-y-eternas-240807_043/;https://www.logrolimpio.com/wp-content/uploads/classified-listing/2024/08/240807_043-612x384.jpeg
240807_037;Peluches oso y culebra;Juguetes;https://www.logrolimpio.com/catalogo/peluches-oso-y-culebra-240807_037/;https://www.logrolimpio.com/wp-content/uploads/classified-listing/2024/08/240807_037-612x384.jpeg
240807_034;Cuadros de gato y gallo;Elementos de decoración;https://www.logrolimpio.com/catalogo/cuadros-de-gato-y-gallo-240807_034/;https://www.logrolimpio.com/wp-content/uploads/classified-listing/2024/08/240807_034-612x384.jpeg
240807_031;Cuadros de flores;Elementos de decoración;https://www.logrolimpio.com/catalogo/cuadros-de-flores-240807_031/;https://www.logrolimpio.com/wp-content/uploads/classified-listing/2024/08/240807_031-612x384.jpeg
240807_019;Cuadros entorno playa;Elementos de decoración;https://www.logrolimpio.com/catalogo/cuadros-entorno-playa-240807_019/;https://www.logrolimpio.com/wp-content/uploads/classified-listing/2024/08/240807_019-612x384.jpeg
240807_016;Super ratón PC;Juguetes;https://www.logrolimpio.com/catalogo/super-raton-pc-240807_016/;https://www.logrolimpio.com/wp-content/uploads/classified-listing/2024/08/240807_016-612x384.jpeg
240807_015;Cuadro;Elementos de decoración;https://www.logrolimpio.com/catalogo/cuadro-240807_015/;https://www.logrolimpio.com/wp-content/uploads/classified-listing/2024/08/240807_015-612x384.jpeg
240807_014;Hula Hoop;Material deportivo;https://www.logrolimpio.com/catalogo/hula-hoop-240807_014/;https://www.logrolimpio.com/wp-content/uploads/classified-listing/2024/08/240807_014-612x384.jpeg
240807_012;Libros sobre romances;Libros, revistas y cómics;https://www.logrolimpio.com/catalogo/libros-sobre-romances-240807_012/;https://www.logrolimpio.com/wp-content/uploads/classified-listing/2024/08/240807_012-612x384.jpeg
240807_005;Libros Muertos hasta el amanecer y Medianoche;Libros, revistas y cómics;https://www.logrolimpio.com/catalogo/libros-muertos-hasta-el-amanecer-y-medianoche-240807_005/;https://www.logrolimpio.com/wp-content/uploads/classified-listing/2024/08/240807_005-612x384.jpeg
240807_001;Libros variados;Libros, revistas y cómics;https://www.logrolimpio.com/catalogo/libros-variados-240807_001/;https://www.logrolimpio.com/wp-content/uploads/classified-listing/2024/08/240807_001-612x384.jpeg
240805_025;Juego de dados;Juegos de mesa;https://www.logrolimpio.com/catalogo/juego-de-dados-240805_025/;https://www.logrolimpio.com/wp-content/uploads/classified-listing/2024/08/240805_025-612x384.jpg
240805_009;Lote de libros juveniles;Libros, revistas y cómics;https://www.logrolimpio.com/catalogo/lote-de-libros-juveniles-240805_009/;https://www.logrolimpio.com/wp-content/uploads/classified-listing/2024/08/240805_009-612x384.jpg
240803_015;Música Al Stewart;Música;https://www.logrolimpio.com/catalogo/musica-al-stewart-240803_015/;https://www.logrolimpio.com/wp-content/uploads/classified-listing/2024/08/240803_015-612x384.jpeg
240803_008;Cuadro;Elementos de decoración;https://www.logrolimpio.com/catalogo/cuadro-240803_008/;https://www.logrolimpio.com/wp-content/uploads/classified-listing/2024/08/240803_008-612x384.jpeg
240802_035;Cuadro flores;Elementos de decoración;https://www.logrolimpio.com/catalogo/cuadro-flores-240802_035/;https://www.logrolimpio.com/wp-content/uploads/classified-listing/2024/08/240802_035-612x384.jpeg
240802_032;Espejo;Elementos de decoración;https://www.logrolimpio.com/catalogo/espejo-grande-240802_032/;https://www.logrolimpio.com/wp-content/uploads/classified-listing/2024/08/240802_032-612x384.jpeg
240802_031;Cuadro Labrador y Pato Donald;Elementos de decoración;https://www.logrolimpio.com/catalogo/cuadro-labrador-y-pato-donald-240802_031/;https://www.logrolimpio.com/wp-content/uploads/classified-listing/2024/08/240802_031-612x384.jpeg
240802_026;Música clásica;Música;https://www.logrolimpio.com/catalogo/musica-clasica-240802_026/;https://www.logrolimpio.com/wp-content/uploads/classified-listing/2024/08/240802_026-612x384.jpeg
240802_017;Cuadro;Elementos de decoración;https://www.logrolimpio.com/catalogo/cuadro-240802_017/;https://www.logrolimpio.com/wp-content/uploads/classified-listing/2024/08/240802_017-612x384.jpeg
240802_008;Diccionario básico de la lengua española;Libros, revistas y cómics;https://www.logrolimpio.com/catalogo/diccionario-basico-de-la-lengua-espanola-240802_008/;https://www.logrolimpio.com/wp-content/uploads/classified-listing/2024/08/240802_008-612x384.jpeg
240802_006;Libro La biblia ecuménica;Libros, revistas y cómics;https://www.logrolimpio.com/catalogo/libro-la-biblia-ecumenica-240802_006/;https://www.logrolimpio.com/wp-content/uploads/classified-listing/2024/08/240802_006-612x384.jpeg
240802_004;Diccionario Español Inglés;Libros, revistas y cómics;https://www.logrolimpio.com/catalogo/diccionario-espanol-ingles-240802_004/;https://www.logrolimpio.com/wp-content/uploads/classified-listing/2024/08/240802_004-612x384.jpeg
240801_018;Bandeja;Elementos de decoración;https://www.logrolimpio.com/catalogo/bandeja-240801_018/;https://www.logrolimpio.com/wp-content/uploads/classified-listing/2024/08/240801_018-612x384.jpeg
240801_016;Volante para Iphone o Ipad;Informática;https://www.logrolimpio.com/catalogo/volante-para-iphone-o-ipad-240801_016/;https://www.logrolimpio.com/wp-content/uploads/classified-listing/2024/08/240801_016-612x384.jpeg
240801_004;Libros Los perros de la guerra y La gente de Smiley;Libros, revistas y cómics;https://www.logrolimpio.com/catalogo/libros-los-perros-de-la-guerra-y-la-gente-de-smiley-240801_004/;https://www.logrolimpio.com/wp-content/uploads/classified-listing/2024/08/240801_004-612x384.jpeg
240731_008;Música italiana;Música;https://www.logrolimpio.com/catalogo/musica-italiana-240731_008/;https://www.logrolimpio.com/wp-content/uploads/classified-listing/2024/07/240731_008-612x384.jpeg
240731_006;Libros de diseño;Libros, revistas y cómics;https://www.logrolimpio.com/catalogo/libros-de-diseno-240731_006/;https://www.logrolimpio.com/wp-content/uploads/classified-listing/2024/07/240731_006-612x384.jpeg
240731_005;Mesa de cristal de salón;Muebles pequeños;https://www.logrolimpio.com/catalogo/mesa-de-cristal-de-salon-240731_005/;https://www.logrolimpio.com/wp-content/uploads/classified-listing/2024/07/240731_005-612x384.jpeg
240730_037;Figura de cristal;Elementos de decoración;https://www.logrolimpio.com/catalogo/figura-de-cristal-240730_037/;https://www.logrolimpio.com/wp-content/uploads/classified-listing/2024/07/240730_037-612x384.jpeg
240730_033;Lote de libros;Libros, revistas y cómics;https://www.logrolimpio.com/catalogo/lote-de-libros-240730_033/;https://www.logrolimpio.com/wp-content/uploads/classified-listing/2024/07/240730_033-612x384.jpeg
240730_018;Atrapa-sueños pequeños;Elementos de decoración;https://www.logrolimpio.com/catalogo/atrapa-suenos-pequenos-240730_018/;https://www.logrolimpio.com/wp-content/uploads/classified-listing/2024/07/240730_018-612x384.jpeg
240730_011;Libros variados;Libros, revistas y cómics;https://www.logrolimpio.com/catalogo/libros-variados-240730_011/;https://www.logrolimpio.com/wp-content/uploads/classified-listing/2024/07/240730_011-612x384.jpeg
240729_004;Lote de películas;Películas;https://www.logrolimpio.com/catalogo/lote-de-peliculas-240729_004/;https://www.logrolimpio.com/wp-content/uploads/classified-listing/2024/07/240729_004-612x384.jpeg
240729_015;Lote de libros;Libros, revistas y cómics;https://www.logrolimpio.com/catalogo/lote-de-libros-240729_015/;https://www.logrolimpio.com/wp-content/uploads/classified-listing/2024/07/240729_015-612x384.jpg
240729_008;Libro de autoayuda;Libros, revistas y cómics;https://www.logrolimpio.com/catalogo/libro-de-autoayuda-240729_008/;https://www.logrolimpio.com/wp-content/uploads/classified-listing/2024/07/240729_008-612x384.jpg
240729_007;Lote de 6 copas;Vajilla-Menaje;https://www.logrolimpio.com/catalogo/lote-de-6-copas-240729_007/;https://www.logrolimpio.com/wp-content/uploads/classified-listing/2024/07/240729_007-612x384.jpg
240729_001;Pizarra infantil;Juguetes;https://www.logrolimpio.com/catalogo/pizarra-infantil-240729_001/;https://www.logrolimpio.com/wp-content/uploads/classified-listing/2024/07/240729_001-612x384.jpeg
240727_016;Libro en inglés Suicide Squad;Libros, revistas y cómics;https://www.logrolimpio.com/catalogo/libro-en-ingles-suicide-squad-240727_016/;https://www.logrolimpio.com/wp-content/uploads/classified-listing/2024/07/240727_016-612x384.jpeg
240727_013;Libros Los Templarios y Revolución Francesa;Libros, revistas y cómics;https://www.logrolimpio.com/catalogo/libros-los-templarios-y-revolucion-francesa-240727_013/;https://www.logrolimpio.com/wp-content/uploads/classified-listing/2024/07/240727_013-612x384.jpeg
240727_014;Películas Alguien voló sobre el Nido del Cuco y Dos en la carretera;Películas;https://www.logrolimpio.com/catalogo/peliculas-alguien-volo-sobre-el-nido-del-cuco-y-dos-en-la-carretera-240727_015/;https://www.logrolimpio.com/wp-content/uploads/classified-listing/2024/07/240727_015-612x384.jpeg
240727_011;Libro La Odisea;Libros, revistas y cómics;https://www.logrolimpio.com/catalogo/libro-la-odisea-240727_011/;https://www.logrolimpio.com/wp-content/uploads/classified-listing/2024/07/240727_011-612x384.jpeg
240727_007;Libros Gabriel García Márquez y Pablo Neruda;Libros, revistas y cómics;https://www.logrolimpio.com/catalogo/libros-gabriel-garcia-marquez-y-pablo-neruda-240727_007/;https://www.logrolimpio.com/wp-content/uploads/classified-listing/2024/07/240727_007-612x384.jpeg
240727_005;Libros El secreto del niño feliz y Duérmete, niño;Libros, revistas y cómics;https://www.logrolimpio.com/catalogo/libros-el-secreto-del-nino-feliz-y-duermete-nino-240727_005/;https://www.logrolimpio.com/wp-content/uploads/classified-listing/2024/07/240727_005-612x384.jpeg
240727_002;DVDs variados;Películas;https://www.logrolimpio.com/catalogo/dvds-variados-240727_002/;https://www.logrolimpio.com/wp-content/uploads/classified-listing/2024/07/240727_002-612x384.jpeg
240726_012;Peluche Foca;Juguetes;https://www.logrolimpio.com/catalogo/peluche-foca-240726_012/;https://www.logrolimpio.com/wp-content/uploads/classified-listing/2024/07/240726_012-612x384.jpeg
240726_009;Libros Los pájaros de BANGKOK y La señora de las especias;Libros, revistas y cómics;https://www.logrolimpio.com/catalogo/libros-los-pajaros-de-bangkok-240726_009/;https://www.logrolimpio.com/wp-content/uploads/classified-listing/2024/07/240726_009-612x384.jpeg
240726_007;Libros Nanga y El Dios de las pequeñas cosas;Libros, revistas y cómics;https://www.logrolimpio.com/catalogo/libros-nanga-y-el-dios-de-las-pequenas-cosas-240726_007/;https://www.logrolimpio.com/wp-content/uploads/classified-listing/2024/07/240726_007-612x384.jpeg
240726_004;Libros Ideas de Bombero y El espíritu del último verano;Libros, revistas y cómics;https://www.logrolimpio.com/catalogo/libros-ideas-de-bombero-y-el-espiritu-del-ultimo-verano-240726_004/;https://www.logrolimpio.com/wp-content/uploads/classified-listing/2024/07/240726_004-612x384.jpeg
240725_015;Libros Corín Tellado y Zoé Valdés;Libros, revistas y cómics;https://www.logrolimpio.com/catalogo/libros-corin-tellado-y-zoe-valdes-240725_015/;https://www.logrolimpio.com/wp-content/uploads/classified-listing/2024/07/240725_015-612x384.jpeg
240725_012;Libros Vivito y coleando y El silencio de los corderos;Libros, revistas y cómics;https://www.logrolimpio.com/catalogo/libros-vivito-y-coleando-y-el-silencio-de-los-corderos-240725_012/;https://www.logrolimpio.com/wp-content/uploads/classified-listing/2024/07/240725_012-612x384.jpeg
240725_009;Películas variadas;Películas;https://www.logrolimpio.com/catalogo/peliculas-variadas-240725_009/;https://www.logrolimpio.com/wp-content/uploads/classified-listing/2024/07/240725_009-612x384.jpeg
240725_002;Libros Cometas en el cielo y El talento de Mr. Ripley;Libros, revistas y cómics;https://www.logrolimpio.com/catalogo/libros-cometas-en-el-cielo-y-el-talento-de-mr-ripley-240725_002/;https://www.logrolimpio.com/wp-content/uploads/classified-listing/2024/07/240725_002-612x384.jpeg
240724_007;Cartuchos EPSON 16 XL;Informática;https://www.logrolimpio.com/catalogo/cartuchos-epson-16-xl-240724_007/;https://www.logrolimpio.com/wp-content/uploads/classified-listing/2024/07/240724_007-612x384.jpeg
240724_004;Libros Grandes Éxitos Escritores;Libros, revistas y cómics;https://www.logrolimpio.com/catalogo/libros-grandes-exitos-escritores-240724_004/;https://www.logrolimpio.com/wp-content/uploads/classified-listing/2024/07/240724_004-612x384.jpeg
240723_020;Películas variadas;Películas;https://www.logrolimpio.com/catalogo/peliculas-variadas-240723_020/;https://www.logrolimpio.com/wp-content/uploads/classified-listing/2024/07/240723_020-612x384.jpeg
240723_018;Libros de Walt Whitman;Libros, revistas y cómics;https://www.logrolimpio.com/catalogo/libros-de-walt-whitman-240723_018/;https://www.logrolimpio.com/wp-content/uploads/classified-listing/2024/07/240723_018-612x384.jpeg
240723_015;Libros variados;Libros, revistas y cómics;https://www.logrolimpio.com/catalogo/libros-variados-240723_015/;https://www.logrolimpio.com/wp-content/uploads/classified-listing/2024/07/240723_015-612x384.jpeg
240723_010;Libros Esfera y OP-Center;Libros, revistas y cómics;https://www.logrolimpio.com/catalogo/libros-esfera-y-op-center-240723_008/;https://www.logrolimpio.com/wp-content/uploads/classified-listing/2024/07/240723_008-612x384.jpeg
240723_004;Libros Presunto Culpable y El guardián de los Arcanos;Libros, revistas y cómics;https://www.logrolimpio.com/catalogo/libros-presunto-culpable-y-el-guardian-de-los-arcanos-240723_004/;https://www.logrolimpio.com/wp-content/uploads/classified-listing/2024/07/240723_004-612x384.jpeg
240722_022;Libro «Frankestein»;Libros, revistas y cómics;https://www.logrolimpio.com/catalogo/libro-frankestein-240722_022/;https://www.logrolimpio.com/wp-content/uploads/classified-listing/2024/07/240722_022-612x384.jpg
240722_016;Libros de humor;Libros, revistas y cómics;https://www.logrolimpio.com/catalogo/libros-de-humor-240722_016/;https://www.logrolimpio.com/wp-content/uploads/classified-listing/2024/07/240722_016-612x384.jpg
240722_012;Libros de autoayuda;Libros, revistas y cómics;https://www.logrolimpio.com/catalogo/libros-de-autoayuda-240722_012/;https://www.logrolimpio.com/wp-content/uploads/classified-listing/2024/07/240722_012-612x384.jpg
240722_009;Libros;Libros, revistas y cómics;https://www.logrolimpio.com/catalogo/libros-240722_009/;https://www.logrolimpio.com/wp-content/uploads/classified-listing/2024/07/240722_009-612x384.jpg
240722_008;Películas variadas en DVD;Películas;https://www.logrolimpio.com/catalogo/peliculas-variadas-en-dvd-240722_008/;https://www.logrolimpio.com/wp-content/uploads/classified-listing/2024/07/240722_008-612x384.jpg
240720_027;Libros Cuentos con corazón y Jesús me quiere;Libros, revistas y cómics;https://www.logrolimpio.com/catalogo/libros-cuentos-con-corazon-y-jesus-me-quiere-240720_027/;https://www.logrolimpio.com/wp-content/uploads/classified-listing/2024/07/240720_027-612x384.jpeg
240720_023;Libros La sonrisa de la Gioconda y El amante;Libros, revistas y cómics;https://www.logrolimpio.com/catalogo/libros-la-sonrisa-de-la-gioconda-y-el-amante-240720_023/;https://www.logrolimpio.com/wp-content/uploads/classified-listing/2024/07/240720_023-612x384.jpeg
240717_021;Libros Aeropuerto y Los Cipreses creen en Dios;Libros, revistas y cómics;https://www.logrolimpio.com/catalogo/libros-aeropuerto-y-los-cipreses-creen-en-dios-240717_021/;https://www.logrolimpio.com/wp-content/uploads/classified-listing/2024/07/240720_021-612x384.jpeg
240720_016;Películas ALATRISTE Y El Laberinto del Fauno;Películas;https://www.logrolimpio.com/catalogo/peliculas-alatriste-y-el-laberinto-del-fauno-240720_016/;https://www.logrolimpio.com/wp-content/uploads/classified-listing/2024/07/240720_016-612x384.jpeg
240720_015;Libros Frederick Forsyth;Libros, revistas y cómics;https://www.logrolimpio.com/catalogo/libros-frederick-forsyth-240720_015/;https://www.logrolimpio.com/wp-content/uploads/classified-listing/2024/07/240720_015-612x384.jpeg
240720_013;Películas variadas;Películas;https://www.logrolimpio.com/catalogo/peliculas-variadas-240720_013/;https://www.logrolimpio.com/wp-content/uploads/classified-listing/2024/07/240720_013-612x384.jpeg
240720_012;Libros Joan Manuel Gisbert;Libros, revistas y cómics;https://www.logrolimpio.com/catalogo/libros-joan-manuel-gisbert-240720_012/;https://www.logrolimpio.com/wp-content/uploads/classified-listing/2024/07/240720_012-612x384.jpeg
240720_010;Cuentos infantiles;Libros, revistas y cómics;https://www.logrolimpio.com/catalogo/cuentos-infantiles-240720_010/;https://www.logrolimpio.com/wp-content/uploads/classified-listing/2024/07/240720_010-612x384.jpeg
240720_009;Libros Pearl S. Buck;Libros, revistas y cómics;https://www.logrolimpio.com/catalogo/libros-pearl-s-buck-240720_009/;https://www.logrolimpio.com/wp-content/uploads/classified-listing/2024/07/240720_009-612x384.jpeg
240720_007;Libros sobre Pintores;Libros, revistas y cómics;https://www.logrolimpio.com/catalogo/libros-sobre-pintores-240720_007/;https://www.logrolimpio.com/wp-content/uploads/classified-listing/2024/07/240720_007-612x384.jpeg
240720_003;Libros Patricia HighSmith;Libros, revistas y cómics;https://www.logrolimpio.com/catalogo/libros-patricia-highsmith-240720_003/;https://www.logrolimpio.com/wp-content/uploads/classified-listing/2024/07/240720_003-612x384.jpeg
240718_007;Libros variados;Libros, revistas y cómics;https://www.logrolimpio.com/catalogo/libros-variados-240718_007/;https://www.logrolimpio.com/wp-content/uploads/classified-listing/2024/07/240718_007-612x384.jpeg
240718_005;Libros Benito Pérez Galdós;Libros, revistas y cómics;https://www.logrolimpio.com/catalogo/libros-benito-perez-galdos-240717_005/;https://www.logrolimpio.com/wp-content/uploads/classified-listing/2024/07/240718_005-612x384.jpeg
240718_003;Libros variados;Libros, revistas y cómics;https://www.logrolimpio.com/catalogo/libros-variados-240718_003/;https://www.logrolimpio.com/wp-content/uploads/classified-listing/2024/07/240718_003-612x384.jpeg
240717_031;Hucha infantil;Otros Niños Bebés;https://www.logrolimpio.com/catalogo/hucha-infantil-240717_031/;https://www.logrolimpio.com/wp-content/uploads/classified-listing/2024/07/240717_031-612x384.jpeg
240717_030;España desde el cielo y Espacios Naturales;Libros, revistas y cómics;https://www.logrolimpio.com/catalogo/espana-desde-el-cielo-y-espacios-naturales-240717_030/;https://www.logrolimpio.com/wp-content/uploads/classified-listing/2024/07/240717_030-612x384.jpeg
240717_028;Libros Herman WOUK;Libros, revistas y cómics;https://www.logrolimpio.com/catalogo/libros-herman-wouk-240717_028/;https://www.logrolimpio.com/wp-content/uploads/classified-listing/2024/07/240717_028-612x384.jpeg
240717_027;Muñeca colección;Juguetes;https://www.logrolimpio.com/catalogo/muneca-240717_027/;https://www.logrolimpio.com/wp-content/uploads/classified-listing/2024/07/240717_027-612x384.jpeg
240717_026;Libros Julio Verne;Libros, revistas y cómics;https://www.logrolimpio.com/catalogo/libros-julio-verne-240717_026/;https://www.logrolimpio.com/wp-content/uploads/classified-listing/2024/07/240717_026-612x384.jpeg
240717_022;Libros sobre acción;Libros, revistas y cómics;https://www.logrolimpio.com/catalogo/libros-sobre-accion-240717_022/;https://www.logrolimpio.com/wp-content/uploads/classified-listing/2024/07/240717_022-612x384.jpeg
240717_020;Libros Mario Vargas Llosa y Gabriel García Márquez;Libros, revistas y cómics;https://www.logrolimpio.com/catalogo/libros-mario-vargas-llosa-y-gabriel-garcia-marquez-240717_020/;https://www.logrolimpio.com/wp-content/uploads/classified-listing/2024/07/240717_020-612x384.jpeg
240717_018;Libros La formación de la humanidad y Eureka;Libros, revistas y cómics;https://www.logrolimpio.com/catalogo/libros-la-formacion-de-la-humanidad-y-eureka-240717_018/;https://www.logrolimpio.com/wp-content/uploads/classified-listing/2024/07/240717_018-612x384.jpeg
240717_016;Libros Federico García Lorca y Pío Baroja;Libros, revistas y cómics;https://www.logrolimpio.com/catalogo/libros-federico-garcia-lorca-y-pio-baroja-240717_016/;https://www.logrolimpio.com/wp-content/uploads/classified-listing/2024/07/240717_016-612x384.jpeg
240717_008;Libros Potosí 1600 y La costurera;Libros, revistas y cómics;https://www.logrolimpio.com/catalogo/libros-potosi-1600-y-la-costurera-240717_008/;https://www.logrolimpio.com/wp-content/uploads/classified-listing/2024/07/240717_008-612x384.jpeg
240717_002;Libros La vida privada de Mona Lisa y La próxima vez;Libros, revistas y cómics;https://www.logrolimpio.com/catalogo/libros-la-vida-privada-de-mona-lisa-y-la-proxima-vez-240717_002/;https://www.logrolimpio.com/wp-content/uploads/classified-listing/2024/07/240717_002-612x384.jpeg
240716_019;Libros variados;Libros, revistas y cómics;https://www.logrolimpio.com/catalogo/libros-variados-240716_019/;https://www.logrolimpio.com/wp-content/uploads/classified-listing/2024/07/240716_019-612x384.jpeg
240716_017;Libros Club Bruguera;Libros, revistas y cómics;https://www.logrolimpio.com/catalogo/libros-club-bruguera-240716_017/;https://www.logrolimpio.com/wp-content/uploads/classified-listing/2024/07/240716_017-612x384.jpeg
240716_013;Libros Fernando Schwartz;Libros, revistas y cómics;https://www.logrolimpio.com/catalogo/libros-fernando-schwartz-240716_013/;https://www.logrolimpio.com/wp-content/uploads/classified-listing/2024/07/240716_013-612x384.jpeg
240713_016;Libros Patricia D. Cornwell;Libros, revistas y cómics;https://www.logrolimpio.com/catalogo/libros-patricia-d-cornwell-240713_016/;https://www.logrolimpio.com/wp-content/uploads/classified-listing/2024/07/240713_016-612x384.jpeg
240713_007;Libros El mundo de la cocina;Libros, revistas y cómics;https://www.logrolimpio.com/catalogo/libros-el-mundo-de-la-cocina-240713_007/;https://www.logrolimpio.com/wp-content/uploads/classified-listing/2024/07/240713_007-612x384.jpeg
240712_013;Libro Los Increíbles;Libros, revistas y cómics;https://www.logrolimpio.com/catalogo/libro-los-increibles-240712_013/;https://www.logrolimpio.com/wp-content/uploads/classified-listing/2024/07/240712_013-612x384.jpeg
240712_011;Película El Mercader de Venecia;Películas;https://www.logrolimpio.com/catalogo/pelicula-el-mercader-de-venecia-240712_011/;https://www.logrolimpio.com/wp-content/uploads/classified-listing/2024/07/240712_011-612x384.jpeg
240711_010;Un país de cine;Películas;https://www.logrolimpio.com/catalogo/un-pais-de-cine-240711_010/;https://www.logrolimpio.com/wp-content/uploads/classified-listing/2024/07/240711_010-612x384.jpeg
240711_003;Libros románticos;Libros, revistas y cómics;https://www.logrolimpio.com/catalogo/libros-romanticos-240711_003/;https://www.logrolimpio.com/wp-content/uploads/classified-listing/2024/07/240711_003-612x384.jpeg
240710_027;Cuentos infantiles;Libros, revistas y cómics;https://www.logrolimpio.com/catalogo/cuentos-infantiles-240710_027/;https://www.logrolimpio.com/wp-content/uploads/classified-listing/2024/07/240710_027-612x384.jpg
240710_022;DVD sobre fauna;Películas;https://www.logrolimpio.com/catalogo/dvd-sobre-fauna-240710_022/;https://www.logrolimpio.com/wp-content/uploads/classified-listing/2024/07/240710_022-612x384.jpg
240710_020;Literatura infantil;Libros, revistas y cómics;https://www.logrolimpio.com/catalogo/literatura-infantil-240710_020/;https://www.logrolimpio.com/wp-content/uploads/classified-listing/2024/07/240710_020-612x384.jpg
240710_018;Peluches;Juguetes;https://www.logrolimpio.com/catalogo/peluches-240710_018/;https://www.logrolimpio.com/wp-content/uploads/classified-listing/2024/07/240710_018-612x384.jpg
240710_016;Colección Baby Einstein;Música;https://www.logrolimpio.com/catalogo/coleccion-baby-einstein-240710_016/;https://www.logrolimpio.com/wp-content/uploads/classified-listing/2024/07/240710_016-612x384.jpg
240710_010;Película La noche de los muertos vivientes;Películas;https://www.logrolimpio.com/catalogo/pelicula-la-noche-de-los-muertos-vivientes-240710_011/;https://www.logrolimpio.com/wp-content/uploads/classified-listing/2024/07/240710_010-612x384.jpg
240708_012;Carrito para mochila niña;Mochilas, bolsos y maletas;https://www.logrolimpio.com/catalogo/carrito-para-mochila-nina-240708_012/;https://www.logrolimpio.com/wp-content/uploads/classified-listing/2024/07/240708_012-612x384.jpg
240708_007;Porta Cds;Otros Hogar;https://www.logrolimpio.com/catalogo/porta-cds-240708_007/;https://www.logrolimpio.com/wp-content/uploads/classified-listing/2024/07/240708_007-612x384.jpg
240706_020;Muñeca CELIA;Juguetes;https://www.logrolimpio.com/catalogo/muneca-celia-240706_020/;https://www.logrolimpio.com/wp-content/uploads/classified-listing/2024/07/240706_020-612x384.jpeg
240705_001;Sistema de agua PiMag;Otros Hogar;https://www.logrolimpio.com/catalogo/sistema-de-agua-pimag-240705_001/;https://www.logrolimpio.com/wp-content/uploads/classified-listing/2024/07/240705_001-612x384.jpeg
240703_021;Silla NENUCO;Accesorios bebés;https://www.logrolimpio.com/catalogo/silla-nenuco-240703_021/;https://www.logrolimpio.com/wp-content/uploads/classified-listing/2024/07/240703_021-612x384.jpeg
240702_002;Libro La magia de pasados imperios;Libros, revistas y cómics;https://www.logrolimpio.com/catalogo/libro-la-magia-de-pasados-imperios-240702_002/;https://www.logrolimpio.com/wp-content/uploads/classified-listing/2024/07/240702_002-612x384.jpeg
240710_010;Película La noche de los muertos vivientes;Películas;https://www.logrolimpio.com/catalogo/pelicula-la-noche-de-los-muertos-vivientes-240710_011/;https://www.logrolimpio.com/wp-content/uploads/classified-listing/2024/07/240710_010-612x384.jpg
240708_012;Carrito para mochila niña;Mochilas, bolsos y maletas;https://www.logrolimpio.com/catalogo/carrito-para-mochila-nina-240708_012/;https://www.logrolimpio.com/wp-content/uploads/classified-listing/2024/07/240708_012-612x384.jpg
240708_007;Porta Cds;Otros Hogar;https://www.logrolimpio.com/catalogo/porta-cds-240708_007/;https://www.logrolimpio.com/wp-content/uploads/classified-listing/2024/07/240708_007-612x384.jpg
240706_020;Muñeca CELIA;Juguetes;https://www.logrolimpio.com/catalogo/muneca-celia-240706_020/;https://www.logrolimpio.com/wp-content/uploads/classified-listing/2024/07/240706_020-612x384.jpeg
240705_001;Sistema de agua PiMag;Otros Hogar;https://www.logrolimpio.com/catalogo/sistema-de-agua-pimag-240705_001/;https://www.logrolimpio.com/wp-content/uploads/classified-listing/2024/07/240705_001-612x384.jpeg
240703_021;Silla NENUCO;Accesorios bebés;https://www.logrolimpio.com/catalogo/silla-nenuco-240703_021/;https://www.logrolimpio.com/wp-content/uploads/classified-listing/2024/07/240703_021-612x384.jpeg
240702_002;Libro La magia de pasados imperios;Libros, revistas y cómics;https://www.logrolimpio.com/catalogo/libro-la-magia-de-pasados-imperios-240702_002/;https://www.logrolimpio.com/wp-content/uploads/classified-listing/2024/07/240702_002-612x384.jpeg
